{
  "session_id": "session_05",
  "severity": "mild",
  "gold_scores": {
    "sleep": 0,
    "mood": 2,
    "energy": 1,
    "concentration": 2,
    "self_worth": 1
  },
  "predicted_scores": {
    "sleep": 1,
    "mood": 2,
    "energy": 2,
    "concentration": 2,
    "self_worth": 1
  },
  "confidence": {
    "sleep": 0.6500000000000001,
    "mood": 0.9000000000000001,
    "energy": 0.9000000000000001,
    "concentration": 0.6500000000000001,
    "self_worth": 0.6500000000000001
  },
  "confidence_history": {
    "sleep": [
      0.0,
      0.0,
      0.05,
      0.05,
      0.1,
      0.1,
      0.4,
      0.4,
      0.45,
      0.45,
      0.5,
      0.5,
      0.55,
      0.55,
      0.6000000000000001,
      0.6000000000000001
    ],
    "mood": [
      0.0,
      0.0,
      0.05,
      0.05,
      0.1,
      0.1,
      0.15000000000000002,
      0.15000000000000002,
      0.45,
      0.45,
      0.5,
      0.5,
      0.55,
      0.55,
      0.8500000000000001,
      0.8500000000000001
    ],
    "energy": [
      0.0,
      0.0,
      0.05,
      0.05,
      0.1,
      0.1,
      0.15000000000000002,
      0.15000000000000002,
      0.45,
      0.45,
      0.75,
      0.75,
      0.8,
      0.8,
      0.8500000000000001,
      0.8500000000000001
    ],
    "concentration": [
      0.0,
      0.0,
      0.05,
      0.05,
      0.1,
      0.1,
      0.4,
      0.4,
      0.45,
      0.45,
      0.5,
      0.5,
      0.55,
      0.55,
      0.6000000000000001,
      0.6000000000000001
    ],
    "self_worth": [
      0.0,
      0.0,
      0.05,
      0.05,
      0.1,
      0.1,
      0.15000000000000002,
      0.15000000000000002,
      0.45,
      0.45,
      0.5,
      0.5,
      0.55,
      0.55,
      0.6000000000000001,
      0.6000000000000001
    ]
  },
  "domain_turn_counts": {
    "sleep": 8,
    "mood": 8,
    "energy": 8,
    "concentration": 8,
    "self_worth": 8
  },
  "domain_scored_at": {
    "sleep": 15,
    "mood": 15,
    "energy": 15,
    "concentration": 15,
    "self_worth": 15
  },
  "response_latencies": [
    8.35941195487976,
    10.59882116317749,
    22.73277997970581,
    8.161414861679077,
    8.350414037704468
  ],
  "session_complete": true,
  "total_turns": 16
}