{
  "session_id": "session_06",
  "severity": "mild",
  "gold_scores": {
    "sleep": 1,
    "mood": 0,
    "energy": 1,
    "appetite": 1,
    "concentration": 1
  },
  "predicted_scores": {
    "sleep": 1,
    "mood": 2,
    "energy": 2,
    "appetite": 1,
    "concentration": 1
  },
  "confidence": {
    "sleep": 0.95,
    "mood": 0.8499999999999999,
    "energy": 0.75,
    "appetite": 0.9500000000000002,
    "concentration": 0.6000000000000001
  },
  "confidence_history": {
    "sleep": [
      0.0,
      0.0,
      0.3,
      0.3,
      0.35,
      0.35,
      0.39999999999999997,
      0.39999999999999997,
      0.44999999999999996,
      0.44999999999999996,
      0.49999999999999994,
      0.49999999999999994,
      0.5499999999999999,
      0.5499999999999999,
      0.6,
      0.6,
      0.8999999999999999,
      0.8999999999999999
    ],
    "mood": [
      0.0,
      0.0,
      0.05,
      0.05,
      0.25,
      0.25,
      0.3,
      0.3,
      0.35,
      0.35,
      0.39999999999999997,
      0.39999999999999997,
      0.44999999999999996,
      0.44999999999999996,
      0.49999999999999994,
      0.49999999999999994,
      0.5499999999999999,
      0.5499999999999999
    ],
    "energy": [
      0.0,
      0.0,
      0.3,
      0.3,
      0.35,
      0.35,
      0.39999999999999997,
      0.39999999999999997,
      0.44999999999999996,
      0.44999999999999996,
      0.49999999999999994,
      0.49999999999999994,
      0.5499999999999999,
      0.5499999999999999,
      0.6499999999999999,
      0.6499999999999999,
      0.7,
      0.7
    ],
    "appetite": [
      0.0,
      0.0,
      0.05,
      0.05,
      0.1,
      0.1,
      0.15000000000000002,
      0.15000000000000002,
      0.45,
      0.45,
      0.75,
      0.75,
      0.8,
      0.8,
      0.8500000000000001,
      0.8500000000000001,
      0.9000000000000001,
      0.9000000000000001
    ],
    "concentration": [
      0.0,
      0.0,
      0.05,
      0.05,
      0.1,
      0.1,
      0.15000000000000002,
      0.15000000000000002,
      0.35000000000000003,
      0.35000000000000003,
      0.4,
      0.4,
      0.45,
      0.45,
      0.5,
      0.5,
      0.55,
      0.55
    ]
  },
  "domain_turn_counts": {
    "sleep": 9,
    "mood": 9,
    "energy": 9,
    "appetite": 9,
    "concentration": 9
  },
  "domain_scored_at": {
    "sleep": 17,
    "mood": 17,
    "energy": 17,
    "appetite": 17,
    "concentration": 17
  },
  "response_latencies": [
    6.013890027999878,
    6.064955711364746,
    6.604691982269287,
    6.23095703125,
    5.961091041564941
  ],
  "session_complete": true,
  "total_turns": 18
}