{
  "session_id": "session_07",
  "severity": "moderate",
  "gold_scores": {
    "sleep": 2,
    "mood": 3,
    "energy": 3,
    "appetite": 3,
    "concentration": 2
  },
  "predicted_scores": {
    "sleep": 2,
    "mood": 1,
    "energy": 2,
    "appetite": 1,
    "concentration": 2
  },
  "confidence": {
    "sleep": 1.0,
    "mood": 0.44999999999999996,
    "energy": 0.9500000000000002,
    "appetite": 0.6000000000000001,
    "concentration": 1.0
  },
  "confidence_history": {
    "sleep": [
      0.0,
      0.0,
      0.05,
      0.05,
      0.1,
      0.1,
      0.4,
      0.4,
      0.6000000000000001,
      0.6000000000000001,
      0.6500000000000001,
      0.6500000000000001,
      0.7000000000000002,
      0.7000000000000002,
      0.7500000000000002,
      0.7500000000000002,
      1.0,
      1.0
    ],
    "mood": [
      0.0,
      0.0,
      0.05,
      0.05,
      0.1,
      0.1,
      0.15000000000000002,
      0.15000000000000002,
      0.2,
      0.2,
      0.25,
      0.25,
      0.3,
      0.3,
      0.35,
      0.35,
      0.39999999999999997,
      0.39999999999999997
    ],
    "energy": [
      0.0,
      0.0,
      0.05,
      0.05,
      0.1,
      0.1,
      0.15000000000000002,
      0.15000000000000002,
      0.45,
      0.45,
      0.75,
      0.75,
      0.8,
      0.8,
      0.8500000000000001,
      0.8500000000000001,
      0.9000000000000001,
      0.9000000000000001
    ],
    "appetite": [
      0.0,
      0.0,
      0.05,
      0.05,
      0.1,
      0.1,
      0.15000000000000002,
      0.15000000000000002,
      0.35000000000000003,
      0.35000000000000003,
      0.4,
      0.4,
      0.45,
      0.45,
      0.5,
      0.5,
      0.55,
      0.55
    ],
    "concentration": [
      0.0,
      0.0,
      0.05,
      0.05,
      0.25,
      0.25,
      0.55,
      0.55,
      0.6000000000000001,
      0.6000000000000001,
      0.6500000000000001,
      0.6500000000000001,
      0.7000000000000002,
      0.7000000000000002,
      0.7500000000000002,
      0.7500000000000002,
      1.0,
      1.0
    ]
  },
  "domain_turn_counts": {
    "sleep": 9,
    "mood": 9,
    "energy": 9,
    "appetite": 9,
    "concentration": 9
  },
  "domain_scored_at": {
    "sleep": 17,
    "mood": 17,
    "energy": 17,
    "appetite": 17,
    "concentration": 17
  },
  "response_latencies": [
    6.792518854141235,
    5.617430210113525,
    5.946218967437744,
    6.106034994125366,
    5.92580509185791
  ],
  "session_complete": true,
  "total_turns": 18
}