{
  "session_id": "session_03",
  "severity": "minimal",
  "gold_scores": {
    "sleep": 0,
    "mood": 1,
    "energy": 0,
    "appetite": 1,
    "concentration": 0
  },
  "predicted_scores": {
    "sleep": 1,
    "mood": 1,
    "energy": 2,
    "appetite": 1,
    "concentration": 1
  },
  "confidence": {
    "sleep": 0.9500000000000001,
    "mood": 0.55,
    "energy": 0.7000000000000002,
    "appetite": 0.6500000000000001,
    "concentration": 0.55
  },
  "confidence_history": {
    "sleep": [
      0.0,
      0.0,
      0.05,
      0.05,
      0.1,
      0.1,
      0.4,
      0.4,
      0.7,
      0.7,
      0.75,
      0.75,
      0.85,
      0.85,
      0.9,
      0.9,
      0.9500000000000001
    ],
    "mood": [
      0.0,
      0.0,
      0.05,
      0.05,
      0.1,
      0.1,
      0.30000000000000004,
      0.30000000000000004,
      0.35000000000000003,
      0.35000000000000003,
      0.4,
      0.4,
      0.45,
      0.45,
      0.5,
      0.5,
      0.55
    ],
    "energy": [
      0.0,
      0.0,
      0.05,
      0.05,
      0.1,
      0.1,
      0.15000000000000002,
      0.15000000000000002,
      0.2,
      0.2,
      0.4,
      0.4,
      0.6000000000000001,
      0.6000000000000001,
      0.6500000000000001,
      0.6500000000000001,
      0.7000000000000002
    ],
    "appetite": [
      0.0,
      0.0,
      0.05,
      0.05,
      0.1,
      0.1,
      0.15000000000000002,
      0.15000000000000002,
      0.2,
      0.2,
      0.5,
      0.5,
      0.55,
      0.55,
      0.6000000000000001,
      0.6000000000000001,
      0.6500000000000001
    ],
    "concentration": [
      0.0,
      0.0,
      0.05,
      0.05,
      0.1,
      0.1,
      0.30000000000000004,
      0.30000000000000004,
      0.35000000000000003,
      0.35000000000000003,
      0.4,
      0.4,
      0.45,
      0.45,
      0.5,
      0.5,
      0.55
    ]
  },
  "domain_turn_counts": {
    "sleep": 8,
    "mood": 8,
    "energy": 8,
    "appetite": 8,
    "concentration": 8
  },
  "domain_scored_at": {
    "sleep": 15,
    "mood": 16,
    "energy": 16,
    "appetite": 16,
    "concentration": 16
  },
  "response_latencies": [
    5.619078159332275,
    6.268394947052002,
    4.906736850738525,
    5.3506810665130615,
    5.323947906494141
  ],
  "session_complete": true,
  "total_turns": 17
}