{
  "session_id": "session_02",
  "severity": "minimal",
  "gold_scores": {
    "sleep": 0,
    "mood": 1,
    "energy": 0,
    "appetite": 0,
    "concentration": 1
  },
  "predicted_scores": {
    "sleep": 1,
    "mood": 2,
    "energy": 2,
    "appetite": 1,
    "concentration": 1
  },
  "confidence": {
    "sleep": 1.0,
    "mood": 0.44999999999999996,
    "energy": 0.9500000000000002,
    "appetite": 0.6000000000000001,
    "concentration": 0.7500000000000002
  },
  "confidence_history": {
    "sleep": [
      0.0,
      0.0,
      0.05,
      0.05,
      0.1,
      0.1,
      0.15000000000000002,
      0.15000000000000002,
      0.35000000000000003,
      0.35000000000000003,
      0.4,
      0.4,
      0.45,
      0.45,
      0.5,
      0.5,
      0.8,
      0.8
    ],
    "mood": [
      0.0,
      0.0,
      0.05,
      0.05,
      0.1,
      0.1,
      0.15000000000000002,
      0.15000000000000002,
      0.2,
      0.2,
      0.25,
      0.25,
      0.3,
      0.3,
      0.35,
      0.35,
      0.39999999999999997,
      0.39999999999999997
    ],
    "energy": [
      0.0,
      0.0,
      0.05,
      0.05,
      0.1,
      0.1,
      0.15000000000000002,
      0.15000000000000002,
      0.45,
      0.45,
      0.5,
      0.5,
      0.55,
      0.55,
      0.6000000000000001,
      0.6000000000000001,
      0.6500000000000001,
      0.6500000000000001
    ],
    "appetite": [
      0.0,
      0.0,
      0.05,
      0.05,
      0.1,
      0.1,
      0.15000000000000002,
      0.15000000000000002,
      0.2,
      0.2,
      0.4,
      0.4,
      0.45,
      0.45,
      0.5,
      0.5,
      0.55,
      0.55
    ],
    "concentration": [
      0.0,
      0.0,
      0.05,
      0.05,
      0.1,
      0.1,
      0.15000000000000002,
      0.15000000000000002,
      0.2,
      0.2,
      0.30000000000000004,
      0.30000000000000004,
      0.6000000000000001,
      0.6000000000000001,
      0.6500000000000001,
      0.6500000000000001,
      0.7000000000000002,
      0.7000000000000002
    ]
  },
  "domain_turn_counts": {
    "sleep": 9,
    "mood": 9,
    "energy": 9,
    "appetite": 9,
    "concentration": 9
  },
  "domain_scored_at": {
    "sleep": 17,
    "mood": 17,
    "energy": 17,
    "appetite": 17,
    "concentration": 17
  },
  "response_latencies": [
    5.95319128036499,
    5.7278032302856445,
    5.774454116821289,
    6.278097867965698,
    5.891594886779785
  ],
  "session_complete": true,
  "total_turns": 18
}