{
  "session_id": "session_09",
  "severity": "severe",
  "gold_scores": {
    "sleep": 3,
    "mood": 3,
    "energy": 3,
    "appetite": 2,
    "concentration": 3
  },
  "predicted_scores": {
    "sleep": 2,
    "mood": 2,
    "energy": 2,
    "appetite": 1,
    "concentration": 1
  },
  "confidence": {
    "sleep": 0.8500000000000003,
    "mood": 0.8500000000000003,
    "energy": 0.95,
    "appetite": 0.55,
    "concentration": 0.6000000000000001
  },
  "confidence_history": {
    "sleep": [
      0.0,
      0.0,
      0.05,
      0.05,
      0.1,
      0.1,
      0.4,
      0.4,
      0.6000000000000001,
      0.6000000000000001,
      0.6500000000000001,
      0.6500000000000001,
      0.7000000000000002,
      0.7000000000000002,
      0.7500000000000002,
      0.7500000000000002,
      0.8000000000000003,
      0.8000000000000003,
      0.8500000000000003
    ],
    "mood": [
      0.0,
      0.0,
      0.3,
      0.3,
      0.35,
      0.35,
      0.55,
      0.55,
      0.6000000000000001,
      0.6000000000000001,
      0.6500000000000001,
      0.6500000000000001,
      0.7000000000000002,
      0.7000000000000002,
      0.7500000000000002,
      0.7500000000000002,
      0.8000000000000003,
      0.8000000000000003,
      0.8500000000000003
    ],
    "energy": [
      0.0,
      0.0,
      0.05,
      0.05,
      0.1,
      0.1,
      0.15000000000000002,
      0.15000000000000002,
      0.2,
      0.2,
      0.25,
      0.25,
      0.3,
      0.3,
      0.6,
      0.6,
      0.8999999999999999,
      0.8999999999999999,
      0.95
    ],
    "appetite": [
      0.0,
      0.0,
      0.05,
      0.05,
      0.1,
      0.1,
      0.15000000000000002,
      0.15000000000000002,
      0.2,
      0.2,
      0.2,
      0.2,
      0.25,
      0.25,
      0.3,
      0.3,
      0.5,
      0.5,
      0.55
    ],
    "concentration": [
      0.0,
      0.0,
      0.05,
      0.05,
      0.1,
      0.1,
      0.30000000000000004,
      0.30000000000000004,
      0.35000000000000003,
      0.35000000000000003,
      0.4,
      0.4,
      0.45,
      0.45,
      0.5,
      0.5,
      0.55,
      0.55,
      0.6000000000000001
    ]
  },
  "domain_turn_counts": {
    "sleep": 9,
    "mood": 9,
    "energy": 9,
    "appetite": 9,
    "concentration": 9
  },
  "domain_scored_at": {
    "sleep": 17,
    "mood": 17,
    "energy": 17,
    "appetite": 18,
    "concentration": 18
  },
  "response_latencies": [
    6.507449150085449,
    7.676192998886108,
    6.459809064865112,
    6.366419792175293,
    6.59895133972168
  ],
  "session_complete": true,
  "total_turns": 19
}