{
  "session_id": "session_08",
  "severity": "moderate",
  "gold_scores": {
    "sleep": 1,
    "mood": 1,
    "energy": 2,
    "concentration": 2,
    "self_worth": 2
  },
  "predicted_scores": {
    "sleep": 2,
    "mood": 1,
    "energy": 2,
    "concentration": 1,
    "self_worth": 2
  },
  "confidence": {
    "sleep": 0.6500000000000001,
    "mood": 0.55,
    "energy": 0.9000000000000001,
    "concentration": 0.6500000000000001,
    "self_worth": 0.39999999999999997
  },
  "confidence_history": {
    "sleep": [
      0.0,
      0.0,
      0.05,
      0.05,
      0.1,
      0.1,
      0.15000000000000002,
      0.15000000000000002,
      0.2,
      0.2,
      0.5,
      0.5,
      0.55,
      0.55,
      0.6000000000000001,
      0.6000000000000001,
      0.6500000000000001
    ],
    "mood": [
      0.0,
      0.0,
      0.05,
      0.05,
      0.1,
      0.1,
      0.15000000000000002,
      0.15000000000000002,
      0.2,
      0.2,
      0.4,
      0.4,
      0.45,
      0.45,
      0.5,
      0.5,
      0.55
    ],
    "energy": [
      0.0,
      0.0,
      0.05,
      0.05,
      0.1,
      0.1,
      0.15000000000000002,
      0.15000000000000002,
      0.45,
      0.45,
      0.5,
      0.5,
      0.8,
      0.8,
      0.8500000000000001,
      0.8500000000000001,
      0.9000000000000001
    ],
    "concentration": [
      0.0,
      0.0,
      0.05,
      0.05,
      0.1,
      0.1,
      0.15000000000000002,
      0.15000000000000002,
      0.2,
      0.2,
      0.5,
      0.5,
      0.55,
      0.55,
      0.6000000000000001,
      0.6000000000000001,
      0.6500000000000001
    ],
    "self_worth": [
      0.0,
      0.0,
      0.05,
      0.05,
      0.1,
      0.1,
      0.15000000000000002,
      0.15000000000000002,
      0.2,
      0.2,
      0.25,
      0.25,
      0.3,
      0.3,
      0.35,
      0.35,
      0.39999999999999997
    ]
  },
  "domain_turn_counts": {
    "sleep": 8,
    "mood": 8,
    "energy": 8,
    "concentration": 8,
    "self_worth": 8
  },
  "domain_scored_at": {
    "sleep": 16,
    "mood": 16,
    "energy": 15,
    "concentration": 16,
    "self_worth": 16
  },
  "response_latencies": [
    7.739451169967651,
    8.316651105880737,
    8.133208751678467,
    7.630763053894043,
    8.58510684967041
  ],
  "session_complete": true,
  "total_turns": 17
}