{
  "session_id": "session_01",
  "severity": "minimal",
  "gold_scores": {
    "sleep": 0,
    "mood": 1,
    "energy": 1,
    "concentration": 1,
    "self_worth": 1
  },
  "predicted_scores": {
    "sleep": 1,
    "mood": 2,
    "energy": 2,
    "concentration": 2,
    "self_worth": 2
  },
  "confidence": {
    "sleep": 1.0,
    "mood": 0.7500000000000001,
    "energy": 0.7500000000000001,
    "concentration": 0.7500000000000001,
    "self_worth": 0.7500000000000001
  },
  "confidence_history": {
    "sleep": [
      0.15,
      0.3,
      0.44999999999999996,
      0.6499999999999999,
      0.8499999999999999,
      1.0,
      1.0,
      1.0,
      1.0,
      1.0,
      1.0,
      1.0,
      1.0,
      1.0,
      1.0,
      1.0,
      1.0,
      1.0,
      1.0,
      1.0,
      1.0,
      1.0,
      1.0,
      1.0,
      1.0,
      1.0,
      1.0,
      1.0,
      1.0,
      1.0,
      1.0,
      1.0,
      1.0,
      1.0,
      1.0,
      1.0,
      1.0,
      1.0,
      1.0,
      1.0,
      1.0,
      1.0,
      1.0,
      1.0,
      1.0,
      1.0,
      1.0,
      1.0,
      1.0,
      1.0,
      1.0,
      1.0,
      1.0,
      1.0,
      1.0,
      1.0,
      1.0,
      1.0,
      1.0,
      1.0,
      1.0,
      1.0,
      1.0,
      1.0,
      1.0,
      1.0
    ],
    "mood": [
      0.0,
      0.0,
      0.0,
      0.0,
      0.0,
      0.0,
      0.05,
      0.1,
      0.15000000000000002,
      0.2,
      0.25,
      0.3,
      0.35,
      0.39999999999999997,
      0.44999999999999996,
      0.49999999999999994,
      0.5499999999999999,
      0.6,
      0.65,
      0.7000000000000001,
      0.7500000000000001,
      0.7500000000000001,
      0.7500000000000001,
      0.7500000000000001,
      0.7500000000000001,
      0.7500000000000001,
      0.7500000000000001,
      0.7500000000000001,
      0.7500000000000001,
      0.7500000000000001,
      0.7500000000000001,
      0.7500000000000001,
      0.7500000000000001,
      0.7500000000000001,
      0.7500000000000001,
      0.7500000000000001,
      0.7500000000000001,
      0.7500000000000001,
      0.7500000000000001,
      0.7500000000000001,
      0.7500000000000001,
      0.7500000000000001,
      0.7500000000000001,
      0.7500000000000001,
      0.7500000000000001,
      0.7500000000000001,
      0.7500000000000001,
      0.7500000000000001,
      0.7500000000000001,
      0.7500000000000001,
      0.7500000000000001,
      0.7500000000000001,
      0.7500000000000001,
      0.7500000000000001,
      0.7500000000000001,
      0.7500000000000001,
      0.7500000000000001,
      0.7500000000000001,
      0.7500000000000001,
      0.7500000000000001,
      0.7500000000000001,
      0.7500000000000001,
      0.7500000000000001,
      0.7500000000000001,
      0.7500000000000001,
      0.7500000000000001
    ],
    "energy": [
      0.0,
      0.0,
      0.0,
      0.0,
      0.0,
      0.0,
      0.0,
      0.0,
      0.0,
      0.0,
      0.0,
      0.0,
      0.0,
      0.0,
      0.0,
      0.0,
      0.0,
      0.0,
      0.0,
      0.0,
      0.0,
      0.05,
      0.1,
      0.15000000000000002,
      0.2,
      0.25,
      0.3,
      0.35,
      0.39999999999999997,
      0.44999999999999996,
      0.49999999999999994,
      0.5499999999999999,
      0.6,
      0.65,
      0.7000000000000001,
      0.7500000000000001,
      0.7500000000000001,
      0.7500000000000001,
      0.7500000000000001,
      0.7500000000000001,
      0.7500000000000001,
      0.7500000000000001,
      0.7500000000000001,
      0.7500000000000001,
      0.7500000000000001,
      0.7500000000000001,
      0.7500000000000001,
      0.7500000000000001,
      0.7500000000000001,
      0.7500000000000001,
      0.7500000000000001,
      0.7500000000000001,
      0.7500000000000001,
      0.7500000000000001,
      0.7500000000000001,
      0.7500000000000001,
      0.7500000000000001,
      0.7500000000000001,
      0.7500000000000001,
      0.7500000000000001,
      0.7500000000000001,
      0.7500000000000001,
      0.7500000000000001,
      0.7500000000000001,
      0.7500000000000001,
      0.7500000000000001
    ],
    "concentration": [
      0.0,
      0.0,
      0.0,
      0.0,
      0.0,
      0.0,
      0.0,
      0.0,
      0.0,
      0.0,
      0.0,
      0.0,
      0.0,
      0.0,
      0.0,
      0.0,
      0.0,
      0.0,
      0.0,
      0.0,
      0.0,
      0.0,
      0.0,
      0.0,
      0.0,
      0.0,
      0.0,
      0.0,
      0.0,
      0.0,
      0.0,
      0.0,
      0.0,
      0.0,
      0.0,
      0.0,
      0.05,
      0.1,
      0.15000000000000002,
      0.2,
      0.25,
      0.3,
      0.35,
      0.39999999999999997,
      0.44999999999999996,
      0.49999999999999994,
      0.5499999999999999,
      0.6,
      0.65,
      0.7000000000000001,
      0.7500000000000001,
      0.7500000000000001,
      0.7500000000000001,
      0.7500000000000001,
      0.7500000000000001,
      0.7500000000000001,
      0.7500000000000001,
      0.7500000000000001,
      0.7500000000000001,
      0.7500000000000001,
      0.7500000000000001,
      0.7500000000000001,
      0.7500000000000001,
      0.7500000000000001,
      0.7500000000000001,
      0.7500000000000001
    ],
    "self_worth": [
      0.0,
      0.0,
      0.0,
      0.0,
      0.0,
      0.0,
      0.0,
      0.0,
      0.0,
      0.0,
      0.0,
      0.0,
      0.0,
      0.0,
      0.0,
      0.0,
      0.0,
      0.0,
      0.0,
      0.0,
      0.0,
      0.0,
      0.0,
      0.0,
      0.0,
      0.0,
      0.0,
      0.0,
      0.0,
      0.0,
      0.0,
      0.0,
      0.0,
      0.0,
      0.0,
      0.0,
      0.0,
      0.0,
      0.0,
      0.0,
      0.0,
      0.0,
      0.0,
      0.0,
      0.0,
      0.0,
      0.0,
      0.0,
      0.0,
      0.0,
      0.0,
      0.05,
      0.1,
      0.15000000000000002,
      0.2,
      0.25,
      0.3,
      0.35,
      0.39999999999999997,
      0.44999999999999996,
      0.49999999999999994,
      0.5499999999999999,
      0.6,
      0.65,
      0.7000000000000001,
      0.7500000000000001
    ]
  },
  "domain_turn_counts": {
    "sleep": 3,
    "mood": 15,
    "energy": 15,
    "concentration": 15,
    "self_worth": 15
  },
  "response_latencies": [
    1.8951737880706787,
    2.3245811462402344,
    2.394137144088745,
    5.694345951080322,
    6.107030153274536,
    14.419358968734741,
    4.36994194984436,
    5.5123069286346436,
    4.031518936157227,
    4.30659818649292,
    3.9874911308288574,
    4.272852182388306,
    5.147892951965332,
    6.125676155090332,
    4.637020111083984,
    5.764942169189453,
    5.716337203979492,
    7.233338832855225,
    19.504282236099243,
    22.951446056365967,
    51.1789448261261,
    18.62904119491577,
    1.9250602722167969,
    2.0870659351348877,
    2.2989420890808105,
    2.069672107696533,
    2.145535945892334,
    2.4494378566741943,
    2.34299635887146,
    7.806656837463379,
    9.016445875167847,
    8.644783973693848,
    7.398691177368164,
    9.0725839138031,
    2.826923131942749,
    11.192179918289185,
    2.4510529041290283,
    2.4449031352996826,
    2.8552310466766357,
    2.8555352687835693,
    3.239428997039795,
    2.4077680110931396,
    3.03369402885437,
    9.07600998878479,
    10.669453859329224,
    9.810864210128784,
    8.766879081726074,
    9.355811834335327,
    2.879934072494507,
    2.8457672595977783,
    15.69385814666748,
    3.1736350059509277,
    9.167089223861694,
    10.452692985534668,
    8.629868030548096,
    8.84108591079712,
    9.150844812393188,
    2.724339246749878,
    3.215810775756836,
    3.0199379920959473,
    3.417257070541382,
    2.8730549812316895,
    3.1160850524902344,
    2.9319570064544678,
    8.503496170043945,
    32.3538863658905
  ],
  "session_complete": true,
  "safety_triggered": false,
  "total_turns": 66
}