{
  "session_id": "session_02",
  "severity": "minimal",
  "gold_scores": {
    "sleep": 0,
    "mood": 0,
    "energy": 0,
    "concentration": 0,
    "self_worth": 1
  },
  "predicted_scores": {
    "sleep": 0,
    "mood": 2,
    "energy": 1,
    "concentration": 1,
    "self_worth": 2
  },
  "confidence": {
    "sleep": 0.7500000000000001,
    "mood": 0.7500000000000001,
    "energy": 0.7500000000000001,
    "concentration": 0.7500000000000001,
    "self_worth": 0.7500000000000001
  },
  "confidence_history": {
    "sleep": [
      0.0,
      0.0,
      0.0,
      0.05,
      0.1,
      0.15000000000000002,
      0.2,
      0.25,
      0.3,
      0.35,
      0.39999999999999997,
      0.44999999999999996,
      0.49999999999999994,
      0.5499999999999999,
      0.6,
      0.65,
      0.7000000000000001,
      0.7500000000000001,
      0.7500000000000001,
      0.7500000000000001,
      0.7500000000000001,
      0.7500000000000001,
      0.7500000000000001,
      0.7500000000000001,
      0.7500000000000001,
      0.7500000000000001,
      0.7500000000000001,
      0.7500000000000001,
      0.7500000000000001,
      0.7500000000000001,
      0.7500000000000001,
      0.7500000000000001,
      0.7500000000000001,
      0.7500000000000001,
      0.7500000000000001,
      0.7500000000000001,
      0.7500000000000001,
      0.7500000000000001,
      0.7500000000000001,
      0.7500000000000001,
      0.7500000000000001,
      0.7500000000000001,
      0.7500000000000001,
      0.7500000000000001,
      0.7500000000000001,
      0.7500000000000001,
      0.7500000000000001,
      0.7500000000000001,
      0.7500000000000001,
      0.7500000000000001,
      0.7500000000000001,
      0.7500000000000001,
      0.7500000000000001,
      0.7500000000000001,
      0.7500000000000001,
      0.7500000000000001,
      0.7500000000000001,
      0.7500000000000001,
      0.7500000000000001,
      0.7500000000000001,
      0.7500000000000001,
      0.7500000000000001,
      0.7500000000000001,
      0.7500000000000001,
      0.7500000000000001,
      0.7500000000000001,
      0.7500000000000001,
      0.7500000000000001,
      0.7500000000000001,
      0.7500000000000001,
      0.7500000000000001,
      0.7500000000000001,
      0.7500000000000001,
      0.7500000000000001,
      0.7500000000000001,
      0.7500000000000001,
      0.7500000000000001,
      0.7500000000000001
    ],
    "mood": [
      0.0,
      0.0,
      0.0,
      0.0,
      0.0,
      0.0,
      0.0,
      0.0,
      0.0,
      0.0,
      0.0,
      0.0,
      0.0,
      0.0,
      0.0,
      0.0,
      0.0,
      0.0,
      0.05,
      0.1,
      0.15000000000000002,
      0.2,
      0.25,
      0.3,
      0.35,
      0.39999999999999997,
      0.44999999999999996,
      0.49999999999999994,
      0.5499999999999999,
      0.6,
      0.65,
      0.7000000000000001,
      0.7500000000000001,
      0.7500000000000001,
      0.7500000000000001,
      0.7500000000000001,
      0.7500000000000001,
      0.7500000000000001,
      0.7500000000000001,
      0.7500000000000001,
      0.7500000000000001,
      0.7500000000000001,
      0.7500000000000001,
      0.7500000000000001,
      0.7500000000000001,
      0.7500000000000001,
      0.7500000000000001,
      0.7500000000000001,
      0.7500000000000001,
      0.7500000000000001,
      0.7500000000000001,
      0.7500000000000001,
      0.7500000000000001,
      0.7500000000000001,
      0.7500000000000001,
      0.7500000000000001,
      0.7500000000000001,
      0.7500000000000001,
      0.7500000000000001,
      0.7500000000000001,
      0.7500000000000001,
      0.7500000000000001,
      0.7500000000000001,
      0.7500000000000001,
      0.7500000000000001,
      0.7500000000000001,
      0.7500000000000001,
      0.7500000000000001,
      0.7500000000000001,
      0.7500000000000001,
      0.7500000000000001,
      0.7500000000000001,
      0.7500000000000001,
      0.7500000000000001,
      0.7500000000000001,
      0.7500000000000001,
      0.7500000000000001,
      0.7500000000000001
    ],
    "energy": [
      0.0,
      0.0,
      0.0,
      0.0,
      0.0,
      0.0,
      0.0,
      0.0,
      0.0,
      0.0,
      0.0,
      0.0,
      0.0,
      0.0,
      0.0,
      0.0,
      0.0,
      0.0,
      0.0,
      0.0,
      0.0,
      0.0,
      0.0,
      0.0,
      0.0,
      0.0,
      0.0,
      0.0,
      0.0,
      0.0,
      0.0,
      0.0,
      0.0,
      0.05,
      0.1,
      0.15000000000000002,
      0.2,
      0.25,
      0.3,
      0.35,
      0.39999999999999997,
      0.44999999999999996,
      0.49999999999999994,
      0.5499999999999999,
      0.6,
      0.65,
      0.7000000000000001,
      0.7500000000000001,
      0.7500000000000001,
      0.7500000000000001,
      0.7500000000000001,
      0.7500000000000001,
      0.7500000000000001,
      0.7500000000000001,
      0.7500000000000001,
      0.7500000000000001,
      0.7500000000000001,
      0.7500000000000001,
      0.7500000000000001,
      0.7500000000000001,
      0.7500000000000001,
      0.7500000000000001,
      0.7500000000000001,
      0.7500000000000001,
      0.7500000000000001,
      0.7500000000000001,
      0.7500000000000001,
      0.7500000000000001,
      0.7500000000000001,
      0.7500000000000001,
      0.7500000000000001,
      0.7500000000000001,
      0.7500000000000001,
      0.7500000000000001,
      0.7500000000000001,
      0.7500000000000001,
      0.7500000000000001,
      0.7500000000000001
    ],
    "concentration": [
      0.0,
      0.0,
      0.0,
      0.0,
      0.0,
      0.0,
      0.0,
      0.0,
      0.0,
      0.0,
      0.0,
      0.0,
      0.0,
      0.0,
      0.0,
      0.0,
      0.0,
      0.0,
      0.0,
      0.0,
      0.0,
      0.0,
      0.0,
      0.0,
      0.0,
      0.0,
      0.0,
      0.0,
      0.0,
      0.0,
      0.0,
      0.0,
      0.0,
      0.0,
      0.0,
      0.0,
      0.0,
      0.0,
      0.0,
      0.0,
      0.0,
      0.0,
      0.0,
      0.0,
      0.0,
      0.0,
      0.0,
      0.0,
      0.05,
      0.1,
      0.15000000000000002,
      0.2,
      0.25,
      0.3,
      0.35,
      0.39999999999999997,
      0.44999999999999996,
      0.49999999999999994,
      0.5499999999999999,
      0.6,
      0.65,
      0.7000000000000001,
      0.7500000000000001,
      0.7500000000000001,
      0.7500000000000001,
      0.7500000000000001,
      0.7500000000000001,
      0.7500000000000001,
      0.7500000000000001,
      0.7500000000000001,
      0.7500000000000001,
      0.7500000000000001,
      0.7500000000000001,
      0.7500000000000001,
      0.7500000000000001,
      0.7500000000000001,
      0.7500000000000001,
      0.7500000000000001
    ],
    "self_worth": [
      0.0,
      0.0,
      0.0,
      0.0,
      0.0,
      0.0,
      0.0,
      0.0,
      0.0,
      0.0,
      0.0,
      0.0,
      0.0,
      0.0,
      0.0,
      0.0,
      0.0,
      0.0,
      0.0,
      0.0,
      0.0,
      0.0,
      0.0,
      0.0,
      0.0,
      0.0,
      0.0,
      0.0,
      0.0,
      0.0,
      0.0,
      0.0,
      0.0,
      0.0,
      0.0,
      0.0,
      0.0,
      0.0,
      0.0,
      0.0,
      0.0,
      0.0,
      0.0,
      0.0,
      0.0,
      0.0,
      0.0,
      0.0,
      0.0,
      0.0,
      0.0,
      0.0,
      0.0,
      0.0,
      0.0,
      0.0,
      0.0,
      0.0,
      0.0,
      0.0,
      0.0,
      0.0,
      0.0,
      0.05,
      0.1,
      0.15000000000000002,
      0.2,
      0.25,
      0.3,
      0.35,
      0.39999999999999997,
      0.44999999999999996,
      0.49999999999999994,
      0.5499999999999999,
      0.6,
      0.65,
      0.7000000000000001,
      0.7500000000000001
    ]
  },
  "domain_turn_counts": {
    "sleep": 15,
    "mood": 15,
    "energy": 15,
    "concentration": 15,
    "self_worth": 15
  },