{
  "session_id": "session_04",
  "severity": "mild",
  "gold_scores": {
    "sleep": 1,
    "mood": 0,
    "energy": 1,
    "appetite": 2,
    "concentration": 1
  },
  "predicted_scores": {
    "sleep": 2,
    "mood": 1,
    "energy": 1,
    "appetite": 1,
    "concentration": 1
  },
  "confidence": {
    "sleep": 0.7000000000000002,
    "mood": 0.6000000000000001,
    "energy": 0.9500000000000002,
    "appetite": 0.6500000000000001,
    "concentration": 0.7000000000000002
  },
  "confidence_history": {
    "sleep": [
      0.0,
      0.0,
      0.05,
      0.05,
      0.1,
      0.1,
      0.15000000000000002,
      0.15000000000000002,
      0.45,
      0.45,
      0.5,
      0.5,
      0.55,
      0.55,
      0.6000000000000001,
      0.6000000000000001,
      0.6500000000000001,
      0.6500000000000001
    ],
    "mood": [
      0.0,
      0.0,
      0.05,
      0.05,
      0.1,
      0.1,
      0.15000000000000002,
      0.15000000000000002,
      0.2,
      0.2,
      0.25,
      0.25,
      0.3,
      0.3,
      0.5,
      0.5,
      0.55,
      0.55
    ],
    "energy": [
      0.0,
      0.0,
      0.05,
      0.05,
      0.1,
      0.1,
      0.15000000000000002,
      0.15000000000000002,
      0.45,
      0.45,
      0.5,
      0.5,
      0.8,
      0.8,
      0.8500000000000001,
      0.8500000000000001,
      0.9000000000000001,
      0.9000000000000001
    ],
    "appetite": [
      0.0,
      0.0,
      0.05,
      0.05,
      0.1,
      0.1,
      0.15000000000000002,
      0.15000000000000002,
      0.2,
      0.2,
      0.5,
      0.5,
      0.55,
      0.55,
      0.55,
      0.55,
      0.6000000000000001,
      0.6000000000000001
    ],
    "concentration": [
      0.0,
      0.0,
      0.05,
      0.05,
      0.1,
      0.1,
      0.4,
      0.4,
      0.45,
      0.45,
      0.5,
      0.5,
      0.55,
      0.55,
      0.6000000000000001,
      0.6000000000000001,
      0.6500000000000001,
      0.6500000000000001
    ]
  },
  "domain_turn_counts": {
    "sleep": 9,
    "mood": 9,
    "energy": 9,
    "appetite": 9,
    "concentration": 9
  },
  "domain_scored_at": {
    "sleep": 17,
    "mood": 17,
    "energy": 17,
    "appetite": 17,
    "concentration": 17
  },
  "response_latencies": [
    5.999430179595947,
    5.621306896209717,
    5.3724541664123535,
    5.514360189437866,
    5.140514850616455
  ],
  "session_complete": true,
  "total_turns": 18
}