{
  "session_id": "session_05",
  "severity": "mild",
  "gold_scores": {
    "sleep": 1,
    "mood": 2,
    "energy": 1,
    "appetite": 2,
    "concentration": 1
  },
  "predicted_scores": {
    "sleep": 2,
    "mood": 2,
    "energy": 2,
    "appetite": 1,
    "concentration": 1
  },
  "confidence": {
    "sleep": 0.7000000000000002,
    "mood": 0.6500000000000001,
    "energy": 0.8,
    "appetite": 0.55,
    "concentration": 0.6499999999999999
  },
  "confidence_history": {
    "sleep": [
      0.0,
      0.0,
      0.05,
      0.05,
      0.1,
      0.1,
      0.30000000000000004,
      0.30000000000000004,
      0.35000000000000003,
      0.35000000000000003,
      0.55,
      0.55,
      0.6000000000000001,
      0.6000000000000001,
      0.6500000000000001,
      0.6500000000000001,
      0.7000000000000002
    ],
    "mood": [
      0.0,
      0.0,
      0.05,
      0.05,
      0.1,
      0.1,
      0.15000000000000002,
      0.15000000000000002,
      0.2,
      0.2,
      0.25,
      0.25,
      0.55,
      0.55,
      0.6000000000000001,
      0.6000000000000001,
      0.6500000000000001
    ],
    "energy": [
      0.0,
      0.0,
      0.2,
      0.2,
      0.25,
      0.25,
      0.3,
      0.3,
      0.35,
      0.35,
      0.6499999999999999,
      0.6499999999999999,
      0.7,
      0.7,
      0.75,
      0.75,
      0.8
    ],
    "appetite": [
      0.0,
      0.0,
      0.05,
      0.05,
      0.1,
      0.1,
      0.15000000000000002,
      0.15000000000000002,
      0.2,
      0.2,
      0.4,
      0.4,
      0.45,
      0.45,
      0.5,
      0.5,
      0.55
    ],
    "concentration": [
      0.0,
      0.0,
      0.05,
      0.05,
      0.1,
      0.1,
      0.15000000000000002,
      0.15000000000000002,
      0.2,
      0.2,
      0.25,
      0.25,
      0.3,
      0.3,
      0.35,
      0.35,
      0.6499999999999999
    ]
  },
  "domain_turn_counts": {
    "sleep": 8,
    "mood": 8,
    "energy": 8,
    "appetite": 8,
    "concentration": 8
  },
  "domain_scored_at": {
    "sleep": 16,
    "mood": 16,
    "energy": 15,
    "appetite": 16,
    "concentration": 16
  },
  "response_latencies": [
    6.916549921035767,
    7.040791034698486,
    6.193790912628174,
    6.156910181045532,
    6.407376766204834
  ],
  "session_complete": true,
  "total_turns": 17
}