{
  "session_id": "session_04",
  "severity": "mild",
  "gold_scores": {
    "sleep": 2,
    "mood": 2,
    "energy": 1,
    "concentration": 2,
    "self_worth": 0
  },
  "predicted_scores": {
    "sleep": 1,
    "mood": 2,
    "energy": 1,
    "concentration": 1,
    "self_worth": 2
  },
  "confidence": {
    "sleep": 0.49999999999999994,
    "mood": 0.44999999999999996,
    "energy": 0.9500000000000002,
    "concentration": 0.8500000000000002,
    "self_worth": 0.44999999999999996
  },
  "confidence_history": {
    "sleep": [
      0.0,
      0.0,
      0.05,
      0.05,
      0.15000000000000002,
      0.15000000000000002,
      0.2,
      0.2,
      0.25,
      0.25,
      0.3,
      0.3,
      0.35,
      0.35,
      0.39999999999999997,
      0.39999999999999997,
      0.44999999999999996,
      0.44999999999999996
    ],
    "mood": [
      0.0,
      0.0,
      0.05,
      0.05,
      0.1,
      0.1,
      0.15000000000000002,
      0.15000000000000002,
      0.2,
      0.2,
      0.25,
      0.25,
      0.3,
      0.3,
      0.35,
      0.35,
      0.39999999999999997,
      0.39999999999999997
    ],
    "energy": [
      0.0,
      0.0,
      0.05,
      0.05,
      0.1,
      0.1,
      0.4,
      0.4,
      0.7,
      0.7,
      0.75,
      0.75,
      0.8,
      0.8,
      0.8500000000000001,
      0.8500000000000001,
      0.9000000000000001,
      0.9000000000000001
    ],
    "concentration": [
      0.0,
      0.0,
      0.05,
      0.05,
      0.25,
      0.25,
      0.3,
      0.3,
      0.6,
      0.6,
      0.65,
      0.65,
      0.7000000000000001,
      0.7000000000000001,
      0.7500000000000001,
      0.7500000000000001,
      0.8000000000000002,
      0.8000000000000002
    ],
    "self_worth": [
      0.0,
      0.0,
      0.05,
      0.05,
      0.1,
      0.1,
      0.15000000000000002,
      0.15000000000000002,
      0.2,
      0.2,
      0.25,
      0.25,
      0.3,
      0.3,
      0.35,
      0.35,
      0.39999999999999997,
      0.39999999999999997
    ]
  },
  "domain_turn_counts": {
    "sleep": 9,
    "mood": 9,
    "energy": 9,
    "concentration": 9,
    "self_worth": 9
  },
  "domain_scored_at": {
    "sleep": 17,
    "mood": 17,
    "energy": 17,
    "concentration": 17,
    "self_worth": 17
  },
  "response_latencies": [
    9.079361915588379,
    10.010020732879639,
    9.457664012908936,
    8.276249170303345,
    9.02675199508667
  ],
  "session_complete": true,
  "total_turns": 18
}