{
  "session_id": "session_03",
  "severity": "minimal",
  "gold_scores": {
    "sleep": 0,
    "mood": 0,
    "energy": 1,
    "concentration": 0,
    "self_worth": 0
  },
  "predicted_scores": {
    "sleep": 1,
    "mood": 2,
    "energy": 2,
    "concentration": 2,
    "self_worth": 1
  },
  "confidence": {
    "sleep": 1.0,
    "mood": 0.7000000000000002,
    "energy": 0.7000000000000001,
    "concentration": 1.0,
    "self_worth": 0.44999999999999996
  },
  "confidence_history": {
    "sleep": [
      0.0,
      0.0,
      0.05,
      0.05,
      0.1,
      0.1,
      0.15000000000000002,
      0.15000000000000002,
      0.2,
      0.2,
      0.25,
      0.25,
      0.55,
      0.55,
      0.8500000000000001,
      0.8500000000000001,
      1.0,
      1.0
    ],
    "mood": [
      0.0,
      0.0,
      0.05,
      0.05,
      0.1,
      0.1,
      0.15000000000000002,
      0.15000000000000002,
      0.2,
      0.2,
      0.5,
      0.5,
      0.55,
      0.55,
      0.6000000000000001,
      0.6000000000000001,
      0.6500000000000001,
      0.6500000000000001
    ],
    "energy": [
      0.0,
      0.0,
      0.05,
      0.05,
      0.1,
      0.1,
      0.15000000000000002,
      0.15000000000000002,
      0.2,
      0.2,
      0.25,
      0.25,
      0.3,
      0.3,
      0.6,
      0.6,
      0.65,
      0.65
    ],
    "concentration": [
      0.0,
      0.0,
      0.05,
      0.05,
      0.1,
      0.1,
      0.4,
      0.4,
      0.7,
      0.7,
      1.0,
      1.0,
      1.0,
      1.0,
      1.0,
      1.0,
      1.0,
      1.0
    ],
    "self_worth": [
      0.0,
      0.0,
      0.05,
      0.05,
      0.1,
      0.1,
      0.15000000000000002,
      0.15000000000000002,
      0.2,
      0.2,
      0.25,
      0.25,
      0.3,
      0.3,
      0.35,
      0.35,
      0.39999999999999997,
      0.39999999999999997
    ]
  },
  "domain_turn_counts": {
    "sleep": 9,
    "mood": 9,
    "energy": 9,
    "concentration": 9,
    "self_worth": 9
  },
  "domain_scored_at": {
    "sleep": 17,
    "mood": 17,
    "energy": 17,
    "concentration": 17,
    "self_worth": 17
  },
  "response_latencies": [
    9.510738849639893,
    9.876903057098389,
    10.563819169998169,
    8.455741882324219,
    9.261168003082275
  ],
  "session_complete": true,
  "total_turns": 18
}