{
  "session_id": "session_09",
  "severity": "severe",
  "gold_scores": {
    "sleep": 2,
    "mood": 3,
    "energy": 2,
    "concentration": 3,
    "self_worth": 3
  },
  "predicted_scores": {
    "sleep": 2,
    "mood": 2,
    "energy": 2,
    "concentration": 2,
    "self_worth": 1
  },
  "confidence": {
    "sleep": 0.7000000000000002,
    "mood": 0.44999999999999996,
    "energy": 1.0,
    "concentration": 0.44999999999999996,
    "self_worth": 0.44999999999999996
  },
  "confidence_history": {
    "sleep": [
      0.0,
      0.0,
      0.05,
      0.05,
      0.1,
      0.1,
      0.15000000000000002,
      0.15000000000000002,
      0.2,
      0.2,
      0.25,
      0.25,
      0.55,
      0.55,
      0.6000000000000001,
      0.6000000000000001,
      0.6500000000000001,
      0.6500000000000001
    ],
    "mood": [
      0.0,
      0.0,
      0.05,
      0.05,
      0.1,
      0.1,
      0.15000000000000002,
      0.15000000000000002,
      0.2,
      0.2,
      0.25,
      0.25,
      0.3,
      0.3,
      0.35,
      0.35,
      0.39999999999999997,
      0.39999999999999997
    ],
    "energy": [
      0.0,
      0.0,
      0.05,
      0.05,
      0.1,
      0.1,
      0.15000000000000002,
      0.15000000000000002,
      0.45,
      0.45,
      0.75,
      0.75,
      1.0,
      1.0,
      1.0,
      1.0,
      1.0,
      1.0
    ],
    "concentration": [
      0.0,
      0.0,
      0.05,
      0.05,
      0.1,
      0.1,
      0.15000000000000002,
      0.15000000000000002,
      0.2,
      0.2,
      0.25,
      0.25,
      0.3,
      0.3,
      0.35,
      0.35,
      0.39999999999999997,
      0.39999999999999997
    ],
    "self_worth": [
      0.0,
      0.0,
      0.05,
      0.05,
      0.1,
      0.1,
      0.15000000000000002,
      0.15000000000000002,
      0.2,
      0.2,
      0.25,
      0.25,
      0.3,
      0.3,
      0.35,
      0.35,
      0.39999999999999997,
      0.39999999999999997
    ]
  },
  "domain_turn_counts": {
    "sleep": 9,
    "mood": 9,
    "energy": 9,
    "concentration": 9,
    "self_worth": 9
  },
  "domain_scored_at": {
    "sleep": 17,
    "mood": 17,
    "energy": 17,
    "concentration": 17,
    "self_worth": 17
  },
  "response_latencies": [
    7.846216917037964,
    10.569925785064697,
    8.55621886253357,
    8.670675992965698,
    10.82378602027893
  ],
  "session_complete": true,
  "total_turns": 18
}