{
  "session_id": "session_10",
  "severity": "severe",
  "gold_scores": {
    "sleep": 3,
    "mood": 3,
    "energy": 3,
    "appetite": 3,
    "concentration": 3
  },
  "predicted_scores": {
    "sleep": 1,
    "mood": 2,
    "energy": 2,
    "appetite": 2,
    "concentration": 1
  },
  "confidence": {
    "sleep": 0.6500000000000001,
    "mood": 0.65,
    "energy": 0.65,
    "appetite": 0.7000000000000001,
    "concentration": 0.65
  },
  "confidence_history": {
    "sleep": [
      0.0,
      0.0,
      0.05,
      0.05,
      0.1,
      0.1,
      0.4,
      0.4,
      0.45,
      0.45,
      0.5,
      0.5,
      0.55,
      0.55,
      0.6000000000000001,
      0.6000000000000001,
      0.6500000000000001
    ],
    "mood": [
      0.0,
      0.0,
      0.05,
      0.05,
      0.35,
      0.35,
      0.39999999999999997,
      0.39999999999999997,
      0.44999999999999996,
      0.44999999999999996,
      0.49999999999999994,
      0.49999999999999994,
      0.5499999999999999,
      0.5499999999999999,
      0.6,
      0.6,
      0.65
    ],
    "energy": [
      0.0,
      0.0,
      0.3,
      0.3,
      0.35,
      0.35,
      0.39999999999999997,
      0.39999999999999997,
      0.44999999999999996,
      0.44999999999999996,
      0.49999999999999994,
      0.49999999999999994,
      0.5499999999999999,
      0.5499999999999999,
      0.6,
      0.6,
      0.65
    ],
    "appetite": [
      0.0,
      0.0,
      0.05,
      0.05,
      0.1,
      0.1,
      0.15000000000000002,
      0.15000000000000002,
      0.2,
      0.2,
      0.25,
      0.25,
      0.6,
      0.6,
      0.65,
      0.65,
      0.7000000000000001
    ],
    "concentration": [
      0.0,
      0.0,
      0.05,
      0.05,
      0.1,
      0.1,
      0.15000000000000002,
      0.15000000000000002,
      0.2,
      0.2,
      0.25,
      0.25,
      0.3,
      0.3,
      0.6,
      0.6,
      0.65
    ]
  },
  "domain_turn_counts": {
    "sleep": 8,
    "mood": 8,
    "energy": 8,
    "appetite": 8,
    "concentration": 8
  },
  "domain_scored_at": {
    "sleep": 16,
    "mood": 16,
    "energy": 16,
    "appetite": 16,
    "concentration": 16
  },
  "response_latencies": [
    5.569629907608032,
    6.858895778656006,
    6.0263752937316895,
    5.006704330444336,
    5.515322685241699
  ],
  "session_complete": true,
  "total_turns": 17
}