{
  "session_id": "session_10",
  "severity": "severe",
  "gold_scores": {
    "sleep": 3,
    "mood": 3,
    "energy": 2,
    "concentration": 2,
    "self_worth": 3
  },
  "predicted_scores": {
    "sleep": 2,
    "mood": 2,
    "energy": 3,
    "concentration": 1,
    "self_worth": 2
  },
  "confidence": {
    "sleep": 0.7000000000000001,
    "mood": 0.7000000000000002,
    "energy": 0.7000000000000001,
    "concentration": 0.44999999999999996,
    "self_worth": 0.8500000000000001
  },
  "confidence_history": {
    "sleep": [
      0.0,
      0.0,
      0.3,
      0.3,
      0.35,
      0.35,
      0.39999999999999997,
      0.39999999999999997,
      0.44999999999999996,
      0.44999999999999996,
      0.49999999999999994,
      0.49999999999999994,
      0.5499999999999999,
      0.5499999999999999,
      0.6,
      0.6,
      0.65,
      0.65
    ],
    "mood": [
      0.0,
      0.0,
      0.05,
      0.05,
      0.1,
      0.1,
      0.15000000000000002,
      0.15000000000000002,
      0.2,
      0.2,
      0.5,
      0.5,
      0.55,
      0.55,
      0.6000000000000001,
      0.6000000000000001,
      0.6500000000000001,
      0.6500000000000001
    ],
    "energy": [
      0.0,
      0.0,
      0.3,
      0.3,
      0.35,
      0.35,
      0.39999999999999997,
      0.39999999999999997,
      0.44999999999999996,
      0.44999999999999996,
      0.49999999999999994,
      0.49999999999999994,
      0.5499999999999999,
      0.5499999999999999,
      0.6,
      0.6,
      0.65,
      0.65
    ],
    "concentration": [
      0.0,
      0.0,
      0.05,
      0.05,
      0.1,
      0.1,
      0.15000000000000002,
      0.15000000000000002,
      0.2,
      0.2,
      0.25,
      0.25,
      0.3,
      0.3,
      0.35,
      0.35,
      0.39999999999999997,
      0.39999999999999997
    ],
    "self_worth": [
      0.0,
      0.0,
      0.05,
      0.05,
      0.1,
      0.1,
      0.15000000000000002,
      0.15000000000000002,
      0.2,
      0.2,
      0.25,
      0.25,
      0.45,
      0.45,
      0.5,
      0.5,
      0.8,
      0.8
    ]
  },
  "domain_turn_counts": {
    "sleep": 9,
    "mood": 9,
    "energy": 9,
    "concentration": 9,
    "self_worth": 9
  },
  "domain_scored_at": {
    "sleep": 17,
    "mood": 17,
    "energy": 17,
    "concentration": 17,
    "self_worth": 17
  },
  "response_latencies": [
    7.795444011688232,
    9.485538005828857,
    19.241735219955444,
    7.14448094367981,
    8.554775714874268
  ],
  "session_complete": true,
  "total_turns": 18
}