{
  "session_id": "session_01",
  "severity": "minimal",
  "gold_scores": {
    "sleep": 1,
    "mood": 0,
    "energy": 0,
    "appetite": 1,
    "concentration": 0
  },
  "predicted_scores": {
    "sleep": 1,
    "mood": 1,
    "energy": 2,
    "appetite": 1,
    "concentration": 1
  },
  "confidence": {
    "sleep": 0.9000000000000001,
    "mood": 0.7000000000000002,
    "energy": 1.0,
    "appetite": 0.9500000000000002,
    "concentration": 0.8
  },
  "confidence_history": {
    "sleep": [
      0.0,
      0.0,
      0.2,
      0.2,
      0.4,
      0.4,
      0.45,
      0.45,
      0.55,
      0.55,
      0.6000000000000001,
      0.6000000000000001,
      0.6500000000000001,
      0.6500000000000001,
      0.8500000000000001,
      0.8500000000000001,
      0.9000000000000001
    ],
    "mood": [
      0.0,
      0.0,
      0.2,
      0.2,
      0.25,
      0.25,
      0.45,
      0.45,
      0.5,
      0.5,
      0.55,
      0.55,
      0.6000000000000001,
      0.6000000000000001,
      0.6500000000000001,
      0.6500000000000001,
      0.7000000000000002
    ],
    "energy": [
      0.0,
      0.0,
      0.3,
      0.3,
      0.35,
      0.35,
      0.39999999999999997,
      0.39999999999999997,
      0.7,
      0.7,
      0.75,
      0.75,
      0.8,
      0.8,
      1.0,
      1.0,
      1.0
    ],
    "appetite": [
      0.0,
      0.0,
      0.05,
      0.05,
      0.1,
      0.1,
      0.30000000000000004,
      0.30000000000000004,
      0.35000000000000003,
      0.35000000000000003,
      0.65,
      0.65,
      0.7000000000000001,
      0.7000000000000001,
      0.7500000000000001,
      0.7500000000000001,
      0.9500000000000002
    ],
    "concentration": [
      0.0,
      0.0,
      0.05,
      0.05,
      0.35,
      0.35,
      0.39999999999999997,
      0.39999999999999997,
      0.44999999999999996,
      0.44999999999999996,
      0.49999999999999994,
      0.49999999999999994,
      0.5499999999999999,
      0.5499999999999999,
      0.75,
      0.75,
      0.8
    ]
  },
  "domain_turn_counts": {
    "sleep": 8,
    "mood": 8,
    "energy": 8,
    "appetite": 8,
    "concentration": 8
  },
  "domain_scored_at": {
    "sleep": 15,
    "mood": 16,
    "energy": 15,
    "appetite": 15,
    "concentration": 15
  },
  "response_latencies": [
    5.90381383895874,
    6.684751987457275,
    6.0537049770355225,
    5.66159725189209,
    5.401001930236816
  ],
  "session_complete": true,
  "total_turns": 17
}