{
  "session_id": "session_06",
  "severity": "mild",
  "gold_scores": {
    "sleep": 1,
    "mood": 2,
    "energy": 1,
    "concentration": 1,
    "self_worth": 1
  },
  "predicted_scores": {
    "sleep": 1,
    "mood": 2,
    "energy": 2,
    "concentration": 1,
    "self_worth": 2
  },
  "confidence": {
    "sleep": 0.7500000000000002,
    "mood": 0.7000000000000002,
    "energy": 1.0,
    "concentration": 0.44999999999999996,
    "self_worth": 0.44999999999999996
  },
  "confidence_history": {
    "sleep": [
      0.0,
      0.0,
      0.05,
      0.05,
      0.35,
      0.35,
      0.39999999999999997,
      0.39999999999999997,
      0.5,
      0.5,
      0.55,
      0.55,
      0.6000000000000001,
      0.6000000000000001,
      0.6500000000000001,
      0.6500000000000001,
      0.7000000000000002,
      0.7000000000000002
    ],
    "mood": [
      0.0,
      0.0,
      0.05,
      0.05,
      0.1,
      0.1,
      0.4,
      0.4,
      0.45,
      0.45,
      0.5,
      0.5,
      0.55,
      0.55,
      0.6000000000000001,
      0.6000000000000001,
      0.6500000000000001,
      0.6500000000000001
    ],
    "energy": [
      0.0,
      0.0,
      0.05,
      0.05,
      0.35,
      0.35,
      0.6499999999999999,
      0.6499999999999999,
      0.7,
      0.7,
      1.0,
      1.0,
      1.0,
      1.0,
      1.0,
      1.0,
      1.0,
      1.0
    ],
    "concentration": [
      0.0,
      0.0,
      0.05,
      0.05,
      0.1,
      0.1,
      0.15000000000000002,
      0.15000000000000002,
      0.2,
      0.2,
      0.25,
      0.25,
      0.3,
      0.3,
      0.35,
      0.35,
      0.39999999999999997,
      0.39999999999999997
    ],
    "self_worth": [
      0.0,
      0.0,
      0.05,
      0.05,
      0.1,
      0.1,
      0.15000000000000002,
      0.15000000000000002,
      0.2,
      0.2,
      0.25,
      0.25,
      0.3,
      0.3,
      0.35,
      0.35,
      0.39999999999999997,
      0.39999999999999997
    ]
  },
  "domain_turn_counts": {
    "sleep": 9,
    "mood": 9,
    "energy": 9,
    "concentration": 9,
    "self_worth": 9
  },
  "domain_scored_at": {
    "sleep": 17,
    "mood": 17,
    "energy": 17,
    "concentration": 17,
    "self_worth": 17
  },
  "response_latencies": [
    8.087781190872192,
    9.312176942825317,
    9.815861940383911,
    8.15457820892334,
    9.37240982055664
  ],
  "session_complete": true,
  "total_turns": 18
}